VBELN,ERDAT,KUNNR,MATNR,KWMENG,WERKS,VDATU,EDATU,VSBED,LPRIO,AUFT_STATUS,VKORG,VTWEG,SPART,AUART,BSTNK,WAERK,NETWR,INCO1,ZTERM,ERNAM
Sales Document,Creation Date,Customer Number,Material Number,Order Quantity,Plant,Customer-Requested Delivery Date,Schedule-Line Date,Shipping Condition,Delivery Priority,Order Status,Sales Organization,Distribution Channel,Division,Sales Document Type,Customer PO Number,Currency,Net Order Value,Incoterms,Payment Terms,Created By
4500000053,06.07.2025,0000100036,100000000000000054,41,3000,17.07.2025,10.07.2025,01,01,Open,1000,10,00,OR,PO18344,JPY,261621,EXW,NT45,K.TANAKA
4500000206,17.06.2025,0000100009,100000000000000017,253 ,1000,29.06.2025,22.06.2025,02,01,Open,1000,10,00,OR,PO11570,JPY,258060,CIP,NT30,H.WATANABE
4500000104,14.06.2025,0000100029,100000000000000022,338,4000,24.06.2025,22.06.2025,03,01,Open,1000,10,00,OR,PO26458,JPY,2967302,EXW,NT60,H.WATANABE
4500000086,30.07.2025,0000100008,100000000000000041,193,3000,06.08.2025,06.08.2025,01,01,Open,1000,10,00,OR,PO74067,JPY,601195,DAP,NT30,R.ITO
4500000193,2025-06-12,0000100001,100000000000000001,199,2000,21.06.2025,17.06.2025,01,01,Open,1000,10,00,OR,PO52731,JPY,2184224,CIP,NT45,M.SATO
4500000093,21.06.2025,0000100016,100000000000000017,174,2000,01.07.2025,25.06.2025,01,02,Open,1000,10,00,OR,PO16930,JPY,177480,FOB,NT45,R.ITO
4500000254,22.07.2025,0000100029,100000000000000048,76,2000,30.07.2025,29.07.2025,01,01,Open,1000,10,00,OR,PO28764,JPY,988684,DAP,NT30,H.WATANABE
4500000212,15.05.2025,0000100003,100000000000000030,84,3000,23.05.2025,20.05.2025,01,01,Open,1000,10,00,OR,PO11742,JPY,791952,FOB,NT30,R.ITO
4500000140,06.05.2025,0000100014,100000000000000011,46,3000,17.05.2025,13.05.2025,01,01,Open,1000,10,00,OR,PO28045,JPY,533002,DAP,NT30,M.SATO
4500000177,17.06.2025,0000100020,100000000000000032,94,1000,26.06.2025,27.06.2025,01,01,Open,1000,10,00,OR,PO86933,JPY,386434,DAP,NT60,K.TANAKA
4500000060,18.07.2025,0000100025,100000000000000010,97,2000,25.07.2025,27.07.2025,02,02,Open,1000,10,00,OR,PO42154,JPY,211363,CIP,NT45,Y.SUZUKI
4500000019,31.07.2025,0000100034,100000000000000030,290,1000,12.08.2025,05.08.2025,01,02,Open,1000,10,00,OR,PO69388,JPY,2734120,EXW,NT60,R.ITO
4500000021,2025-07-15,0000100025,100000000000000031,185,1000,26.07.2025,23.07.2025,01,01,Open,1000,10,00,OR,PO43444,JPY,1364005,FOB,NT30,H.WATANABE
4500000239,29.05.2025,0000100038,100000000000000028,295,4000,,03.06.2025,02,01,Open,1000,10,00,OR,PO78807,JPY,3288365,CIP,NT60,Y.SUZUKI
4500000043,16.07.2025,0000100025,100000000000000053,60,3000,26.07.2025,24.07.2025,01,01,Open,1000,10,00,OR,PO88097,JPY,125040,EXW,NT30,H.WATANABE
4500000221,24.06.2025,0000100020,100000000000000029,82,3000,01.07.2025,28.06.2025,02,01,Open,1000,10,00,OR,PO35891,JPY,983180,FOB,NT45,M.SATO
4500000016,2025-07-15,0000100013,100000000000000017,367,1000,23.07.2025,21.07.2025,01,01,Open,1000,10,00,OR,PO53077,JPY,374340,DAP,NT45,K.TANAKA
4500000057,13.06.2025,0000100039,100000000000000031,36,2000,23.06.2025,22.06.2025,01,02,Open,1000,10,00,OR,PO15501,JPY,265428,DAP,NT30,K.TANAKA
4500000227,28.06.2025,0000100006,100000000000000039,130,1000,06.07.2025,02.07.2025,02,01,Open,1000,10,00,OR,PO34854,JPY,1681160,DAP,NT30,R.ITO
4500000264,30.06.2025,0000100030,100000000000000050,365,2000,10.07.2025,09.07.2025,01,02,Open,1000,10,00,OR,PO61814,JPY,793510,DAP,NT60,H.WATANABE
4500000141,31.07.2025,0000100007,100000000000000006,282,3000,08.08.2025,08.08.2025,01,02,Open,1000,10,00,OR,PO56890,JPY,1272384,EXW,NT60,R.ITO
4500000203,27.05.2025,0000100017,100000000000000053,11,4000,04.06.2025,03.06.2025,01,02,Open,1000,10,00,OR,PO22661,JPY,22924,FOB,NT60,M.SATO
4500000155,26.07.2025,0000100007,100000000000000042,29,1000,06.08.2025,30.07.2025,01,01,Open,1000,10,00,OR,PO79803,JPY,346202,CIP,NT60,Y.SUZUKI
4500000114,18.07.2025,0000100035,100000000000000011,365 ,3000,,23.07.2025,01,01,Open,1000,10,00,OR,PO82848,JPY,4229255,CIP,NT45,R.ITO
4500000072,2025-07-01,0000100034,100000000000000023,287,2000,08.07.2025,08.07.2025,01,01,Open,1000,10,00,OR,PO80770,JPY,2974181,EXW,NT30,Y.SUZUKI
4500000084,20.05.2025,0000100033,100000000000000030,103,3000,01.06.2025,29.05.2025,02,01,Open,1000,10,00,OR,PO25432,JPY,971084,EXW,NT45,Y.SUZUKI
4500000179,03.07.2025,0000100023,100000000000000003,394,2000,13.07.2025,08.07.2025,01,01,Cancelled,1000,10,00,OR,PO72230,JPY,358146,DAP,NT45,R.ITO
4500000129,2025-06-17,0000100026,100000000000000033,351,1000,24.06.2025,21.06.2025,01,02,Open,1000,10,00,OR,PO42765,JPY,2758509,FOB,NT30,Y.SUZUKI
4500000023,31.05.2025,0000100005,100000000000000050,391,1000,05.06.2025,08.06.2025,01,01,Open,1000,10,00,OR,PO50645,JPY,850034,FOB,NT45,K.TANAKA
4500000012,20.05.2025,0000100017,100000000000000008,385,1000,28.05.2025,29.05.2025,01,01,Open,1000,10,00,OR,PO15346,JPY,1072610,CIP,NT45,R.ITO
4500000186,04.06.2025,0000100020,100000000000000037,366,3000,10.06.2025,13.06.2025,01,01,Open,1000,10,00,OR,PO10975,JPY,5395572,FOB,NT45,K.TANAKA
4500000067,26.05.2025,0000100032,100000000000000045,193,4000,01.06.2025,04.06.2025,03,01,Open,1000,10,00,OR,PO51116,JPY,975036,EXW,NT30,Y.SUZUKI
4500000059,24.07.2025,0000100028,100000000000000033,14,3000,01.08.2025,30.07.2025,01,01,Open,1000,10,00,OR,PO53857,JPY,110026,FOB,NT30,M.SATO
4500000134,04.07.2025,0000100003,100000000000000006,124,1000,16.07.2025,08.07.2025,01,01,Open,1000,10,00,OR,PO18523,JPY,559488,FOB,NT30,H.WATANABE
4500000154,27.06.2025,0000100009,100000000000000022,188,4000,08.07.2025,01.07.2025,02,01,Open,1000,10,00,OR,PO66848,JPY,1650452,DAP,NT30,M.SATO
4500000039,14.07.2025,0000100012,100000000000000011,45,2000,22.07.2025,21.07.2025,01,01,Open,1000,10,00,OR,PO92058,JPY,521415,FOB,NT30,Y.SUZUKI
4500000046,19.05.2025,0000100035,100000000000000017,61,2000,24.05.2025,25.05.2025,01,01,Open,1000,10,00,OR,PO94696,JPY,62220,EXW,NT45,H.WATANABE
4500000033,16.06.2025,0000100027,100000000000000022,348,3000,27.06.2025,25.06.2025,01,01,Open,1000,10,00,OR,PO54739,JPY,3055092,FOB,NT30,M.SATO
4500000131,07.06.2025,0000100029,100000000000000057,22,2000,16.06.2025,14.06.2025,01,01,Open,1000,10,00,OR,PO42394,JPY,228602,DAP,NT45,M.SATO
4500000187,18.07.2025,0000100028,100000000000000006,139,1000,23.07.2025,27.07.2025,01,01,Open,1000,10,00,OR,PO53108,JPY,627168,CIP,NT45,H.WATANABE
4500000252,2025-05-07,0000100025,100000000000000018,363,2000,,15.05.2025,01,01,Open,1000,10,00,OR,PO52667,JPY,358644,CIP,NT30,R.ITO
4500000171,04.06.2025,0000100035,100000000000000047,17,3000,14.06.2025,12.06.2025,02,02,Open,1000,10,00,OR,PO63183,JPY,68459,DAP,NT45,R.ITO
4500000145,19.07.2025,0000100006,100000000000000013,113,4000,31.07.2025,29.07.2025,02,01,Open,1000,10,00,OR,PO53403,JPY,1066155,EXW,NT60,Y.SUZUKI
4500000279,29.05.2025,0000100009,100000000000000006,358,4000,03.06.2025,08.06.2025,02,01,Open,1000,10,00,OR,PO95563,JPY,1615296,CIP,NT60,K.TANAKA
4500000276,30.07.2025,0000100009,100000000000000023,32,2000,09.08.2025,03.08.2025,01,01,Open,1000,10,00,OR,PO32049,JPY,331616,DAP,NT30,Y.SUZUKI
4500000116,30.05.2025,0000100028,100000000000000053,258,2000,09.06.2025,07.06.2025,01,02,Open,1000,10,00,OR,PO88815,JPY,537672,EXW,NT45,M.SATO
4500000205,14.05.2025,0000100016,100000000000000011,51,4000,19.05.2025,18.05.2025,01,01,Open,1000,10,00,OR,PO40462,JPY,590937,FOB,NT30,Y.SUZUKI
4500000293,11.06.2025,0000100030,100000000000000032,221,4000,18.06.2025,17.06.2025,01,01,Open,1000,10,00,OR,PO62436,JPY,908531,CIP,NT30,Y.SUZUKI
4500000027,29.06.2025,0000100002,100000000000000006,118,3000,09.07.2025,06.07.2025,01,01,Open,1000,10,00,OR,PO21006,JPY,532416,EXW,NT45,H.WATANABE
4500000163,31.07.2025,0000100007,100000000000000003,257,2000,11.08.2025,04.08.2025,01,01,Open,1000,10,00,OR,PO82161,JPY,233613,DAP,NT30,K.TANAKA
4500000257,2025-05-20,0000100007,100000000000000051,85,4000,25.05.2025,24.05.2025,01,01,Open,1000,10,00,OR,PO52795,JPY,171615,CIP,NT45,M.SATO
4500000284,24.07.2025,0000100026,100000000000000023,346,4000,05.08.2025,01.08.2025,01,01,Open,1000,10,00,OR,PO63127,JPY,3585598,DAP,NT45,R.ITO
4500000278,25.06.2025,0000100030,100000000000000059,64,1000,07.07.2025,01.07.2025,02,02,Open,1000,10,00,OR,PO14455,JPY,878272,DAP,NT30,H.WATANABE
4500000163,31.07.2025,0000100007,100000000000000003,257,2000,11.08.2025,04.08.2025,01,01,Open,1000,10,00,OR,PO82161,JPY,233613,DAP,NT30,K.TANAKA
4500000262,15.07.2025,0000100036,100000000000000055,49,2000,23.07.2025,23.07.2025,01,01,Open,1000,10,00,OR,PO59832,JPY,704865,DAP,NT45,K.TANAKA
4500000151,05.06.2025,0000100038,100000000000000019,65,4000,11.06.2025,12.06.2025,01,02,Open,1000,10,00,OR,PO82680,JPY,132275,FOB,NT30,M.SATO
4500000300,09.07.2025,0000100028,100000000000000050,349,4000,17.07.2025,14.07.2025,01,01,Open,1000,10,00,OR,PO74175,JPY,758726,DAP,NT60,Y.SUZUKI
4500000013,13.07.2025,0000100001,100000000000000008,358,1000,23.07.2025,21.07.2025,02,01,Open,1000,10,00,OR,PO29405,JPY,997388,DAP,NT45,K.TANAKA
4500000018,14.05.2025,0000100016,100000000000000044,120,3000,19.05.2025,19.05.2025,02,01,Open,1000,10,00,OR,PO92359,JPY,728880,EXW,NT60,K.TANAKA
4500000130,2025-07-29,0000100006,100000000000000038,43,3000,10.08.2025,08.08.2025,01,01,Open,1000,10,00,OR,PO72910,JPY,26058,CIP,NT30,R.ITO
4500000234,2025-05-21,0000100007,100000000000000053,110,2000,27.05.2025,25.05.2025,02,01,Open,1000,10,00,OR,PO22098,JPY,229240,CIP,NT45,R.ITO
4500000025,04.05.2025,0000100027,100000000000000053,59,4000,16.05.2025,13.05.2025,01,01,Open,1000,10,00,OR,PO58265,JPY,122956,FOB,NT45,H.WATANABE
4500000259,07.06.2025,0000100004,100000000000000013,81,1000,19.06.2025,14.06.2025,01,03,Open,1000,10,00,OR,PO53620,JPY,764235,FOB,NT60,R.ITO
4500000271,14.07.2025,0000100029,100000000000000022,379,1000,20.07.2025,20.07.2025,01,01,On Hold,1000,10,00,OR,PO61296,JPY,3327241,CIP,NT30,R.ITO
4500000081,30.07.2025,0000100032,100000000000000021,183,4000,08.08.2025,05.08.2025,01,03,Open,1000,10,00,OR,PO76294,JPY,788913,FOB,NT45,H.WATANABE
4500000025,04.05.2025,0000100027,100000000000000053,59,4000,16.05.2025,13.05.2025,01,01,Open,1000,10,00,OR,PO58265,JPY,122956,FOB,NT45,H.WATANABE
4500000078,22.05.2025,0000100039,100000000000000058,172,2000,02.06.2025,30.05.2025,03,01,Open,1000,10,00,OR,PO20740,JPY,831276,DAP,NT30,H.WATANABE
4500000099,09.07.2025,0000100003,100000000000000015,359,2000,14.07.2025,13.07.2025,02,01,Open,1000,10,00,OR,PO33784,JPY,3652466,DAP,NT60,K.TANAKA
4500000105,17.05.2025,0000100037,100000000000000013,354,2000,29.05.2025,26.05.2025,02,01,Open,1000,10,00,OR,PO28660,JPY,3339990,EXW,NT60,M.SATO
4500000061,01.07.2025,0000100019,100000000000000050,262,4000,09.07.2025,11.07.2025,01,03,Open,1000,10,00,OR,PO64396,JPY,569588,EXW,NT60,M.SATO
4500000175,24.07.2025,0000100033,100000000000000010,99,2000,01.08.2025,28.07.2025,01,02,Open,1000,10,00,OR,PO26822,JPY,215721,EXW,NT60,K.TANAKA
4500000083,08.06.2025,0000100021,100000000000000019,398,1000,13.06.2025,13.06.2025,01,01,Open,1000,10,00,OR,PO25566,JPY,809930,CIP,NT30,K.TANAKA
4500000200,10.07.2025,0000100001,100000000000000045,391,4000,21.07.2025,20.07.2025,01,01,Open,1000,10,00,OR,PO78534,JPY,1975332,DAP,NT45,Y.SUZUKI
4500000034,08.07.2025,0000100024,100000000000000040,325,4000,17.07.2025,16.07.2025,01,01,Open,1000,10,00,OR,PO98265,JPY,4453150,DAP,NT45,R.ITO
4500000222,21.06.2025,0000100032,100000000000000031,88,2000,26.06.2025,27.06.2025,01,01,Open,1000,10,00,OR,PO93309,JPY,648824,FOB,NT45,H.WATANABE
4500000269,08.06.2025,0000100004,100000000000000010,150,3000,15.06.2025,17.06.2025,01,01,Open,1000,10,00,OR,PO16889,JPY,326850,FOB,NT45,H.WATANABE
4500000082,20.05.2025,0000100007,100000000000000040,129,2000,28.05.2025,29.05.2025,01,02,Open,1000,10,00,OR,PO25474,JPY,1767558,FOB,NT45,H.WATANABE
4500000024,16.07.2025,0000100002,100000000000000060,299,3000,27.07.2025,25.07.2025,01,03,Open,1000,10,00,OR,PO60867,JPY,362089,CIP,NT45,R.ITO
4500000088,28.07.2025,0000100020,100000000000000047,207,1000,05.08.2025,05.08.2025,01,01,Open,1000,10,00,OR,PO89391,JPY,833589,FOB,NT30,R.ITO
4500000199,20.05.2025,0000100035,100000000000000012,328,4000,31.05.2025,28.05.2025,02,02,Open,1000,10,00,OR,PO38399,JPY,4144280,DAP,NT60,R.ITO
4500000283,28.07.2025,0000100007,100000000000000026,272,4000,04.08.2025,04.08.2025,01,01,Open,1000,10,00,OR,PO26414,JPY,1021904,DAP,NT45,K.TANAKA
4500000166,17.05.2025,0000100023,100000000000000036,303,4000,28.05.2025,26.05.2025,01,01,Open,1000,10,00,OR,PO94587,JPY,4169583,DAP,NT45,K.TANAKA
4500000160,27.07.2025,0000100022,100000000000000034,226,1000,06.08.2025,05.08.2025,01,01,Open,1000,10,00,OR,PO73346,JPY,2294804,CIP,NT45,Y.SUZUKI
4500000153,19.06.2025,0000100001,100000000000000058,392,3000,24.06.2025,28.06.2025,02,01,Open,1000,10,00,OR,PO58449,JPY,1894536,EXW,NT60,M.SATO
4500000247,23.07.2025,0000100011,100000000000000014,32,3000,29.07.2025,27.07.2025,01,02,Open,1000,10,00,OR,PO54967,JPY,61568,EXW,NT30,Y.SUZUKI
4500000037,05.07.2025,0000100003,100000000000000009,56,3000,17.07.2025,09.07.2025,02,01,Open,1000,10,00,OR,PO61773,JPY,703696,EXW,NT30,M.SATO
4500000038,11.07.2025,0000100003,100000000000000040,125,1000,19.07.2025,20.07.2025,01,02,Open,1000,10,00,OR,PO34670,JPY,1712750,DAP,NT30,H.WATANABE
4500000062,27.06.2025,0000100006,100000000000000059,235,2000,08.07.2025,01.07.2025,02,03,Open,1000,10,00,OR,PO39908,JPY,3224905,FOB,NT45,H.WATANABE
4500000198,22.06.2025,0000100034,100000000000000049,58,1000,03.07.2025,28.06.2025,01,01,Open,1000,10,00,OR,PO61229,JPY,348812,FOB,NT30,K.TANAKA
4500000117,25.07.2025,0000100020,100000000000000011,52,3000,04.08.2025,03.08.2025,01,01,Open,1000,10,00,OR,PO26353,JPY,602524,CIP,NT45,M.SATO
4500000280,17.07.2025,0000100013,100000000000000012,19,3000,26.07.2025,25.07.2025,01,02,Open,1000,10,00,OR,PO46073,JPY,240065,CIP,NT45,K.TANAKA
4500000204,12.07.2025,0000100034,100000000000000008,251,3000,17.07.2025,22.07.2025,01,01,Open,1000,10,00,OR,PO52294,JPY,699286,FOB,NT60,M.SATO
4500000219,17.06.2025,0000100020,100000000000000016,36,3000,22.06.2025,25.06.2025,01,02,Open,1000,10,00,OR,PO35226,JPY,266832,DAP,NT60,M.SATO
4500000216,2025-07-21,0000100010,100000000000000029,124,1000,27.07.2025,25.07.2025,01,01,Open,1000,10,00,OR,PO64380,JPY,1486760,EXW,NT30,M.SATO
4500000007,07.05.2025,0000100022,100000000000000005,147,2000,14.05.2025,16.05.2025,01,01,Open,1000,10,00,OR,PO44131,JPY,735882,DAP,NT45,K.TANAKA
4500000295,25.05.2025,0000100014,100000000000000018,214,4000,06.06.2025,02.06.2025,01,01,Open,1000,10,00,OR,PO58777,JPY,211432,FOB,NT45,M.SATO
4500000122,07.07.2025,0000100014,100000000000000052,279,2000,13.07.2025,13.07.2025,01,01,Open,1000,10,00,OR,PO89032,JPY,1875996,FOB,NT30,R.ITO
4500000144,07.05.2025,0000100026,100000000000000057,358,3000,16.05.2025,13.05.2025,01,01,On Hold,1000,10,00,OR,PO18965,JPY,3719978,EXW,NT30,H.WATANABE
4500000238,16.06.2025,0000100031,100000000000000030,149,2000,23.06.2025,24.06.2025,02,01,Open,1000,10,00,OR,PO50383,JPY,1404772,DAP,NT30,H.WATANABE
4500000230,27.05.2025,0000100001,100000000000000008,243,1000,04.06.2025,06.06.2025,01,01,Open,1000,10,00,OR,PO67186,JPY,676998,EXW,NT60,Y.SUZUKI
4500000229,20.07.2025,0000100004,100000000000000007,252,1000,29.07.2025,27.07.2025,02,01,Open,1000,10,00,OR,PO19336,JPY,1047564,CIP,NT30,K.TANAKA
4500000107,07.07.2025,0000100034,100000000000000036,233,2000,14.07.2025,13.07.2025,01,01,Open,1000,10,00,OR,PO95597,JPY,3206313,FOB,NT30,K.TANAKA
4500000248,2025-06-20,0000100021,100000000000000034,54,1000,01.07.2025,28.06.2025,02,01,Open,1000,10,00,OR,PO56665,JPY,548316,EXW,NT30,K.TANAKA
4500000249,12.06.2025,0000100036,100000000000000001,39,1000,18.06.2025,21.06.2025,01,01,Open,1000,10,00,OR,PO28201,JPY,428064,DAP,NT60,K.TANAKA
4500000223,12.06.2025,0000100026,100000000000000040,271,1000,17.06.2025,17.06.2025,01,01,Open,1000,10,00,OR,PO31989,JPY,3713242,CIP,NT45,H.WATANABE
4500000250,20.06.2025,0000100037,100000000000000052,61,2000,02.07.2025,29.06.2025,01,01,Open,1000,10,00,OR,PO42576,JPY,410164,EXW,NT45,R.ITO
4500000120,30.07.2025,0000100002,100000000000000055,110,3000,10.08.2025,05.08.2025,01,01,Open,1000,10,00,OR,PO89433,JPY,1582350,FOB,NT30,M.SATO
4500000050,17.05.2025,0000100018,100000000000000037,224,2000,22.05.2025,25.05.2025,02,03,Open,1000,10,00,OR,PO97432,JPY,3302208,CIP,NT30,M.SATO
4500000167,30.07.2025,0000100019,100000000000000014,188,1000,07.08.2025,08.08.2025,02,01,Open,1000,10,00,OR,PO20244,JPY,361712,EXW,NT30,K.TANAKA
4500000233,07.05.2025,0000100018,100000000000000027,259,1000,16.05.2025,12.05.2025,02,01,Open,1000,10,00,OR,PO43330,JPY,3167829,FOB,NT60,R.ITO
4500000095,12.06.2025,0000100014,100000000000000024,216,3000,19.06.2025,16.06.2025,01,02,Open,1000,10,00,OR,PO68226,JPY,201744,DAP,NT60,R.ITO
4500000093,21.06.2025,0000100016,100000000000000017,174,2000,01.07.2025,25.06.2025,01,02,Open,1000,10,00,OR,PO16930,JPY,177480,FOB,NT45,R.ITO
4500000201,2025-07-22,0000100016,100000000000000034,150,3000,31.07.2025,29.07.2025,01,01,Open,1000,10,00,OR,PO59465,JPY,1523100,FOB,NT30,Y.SUZUKI
4500000052,2025-06-16,0000100028,100000000000000008,352,3000,25.06.2025,20.06.2025,01,01,Open,1000,10,00,OR,PO44184,JPY,980672,EXW,NT60,M.SATO
4500000149,08.07.2025,0000100016,100000000000000058,312,1000,15.07.2025,17.07.2025,01,01,On Hold,1000,10,00,OR,PO67725,JPY,1507896,FOB,NT60,R.ITO
4500000100,28.07.2025,0000100035,100000000000000022,391,4000,03.08.2025,05.08.2025,02,02,Open,1000,10,00,OR,PO52495,JPY,3432589,EXW,NT45,K.TANAKA
4500000285,22.05.2025,0000100020,100000000000000040,394,1000,03.06.2025,01.06.2025,01,02,Open,1000,10,00,OR,PO18379,JPY,5398588,DAP,NT30,K.TANAKA
4500000097,19.06.2025,0000100004,100000000000000040,342,4000,30.06.2025,23.06.2025,01,01,On Hold,1000,10,00,OR,PO43708,JPY,4686084,DAP,NT30,K.TANAKA
4500000169,16.07.2025,0000100017,100000000000000001,243,3000,23.07.2025,22.07.2025,02,01,Open,1000,10,00,OR,PO45974,JPY,2667168,FOB,NT60,R.ITO
4500000017,20.07.2025,0000100037,100000000000000020,285,4000,28.07.2025,27.07.2025,02,01,Open,1000,10,00,OR,PO52406,JPY,1163370,FOB,NT30,K.TANAKA
4500000143,04.05.2025,0000100040,100000000000000038,62,4000,10.05.2025,08.05.2025,01,01,Open,1000,10,00,OR,PO41114,JPY,37572,DAP,NT45,Y.SUZUKI
4500000088,28.07.2025,0000100020,100000000000000047,207,1000,05.08.2025,05.08.2025,01,01,Open,1000,10,00,OR,PO89391,JPY,833589,FOB,NT30,R.ITO
4500000178,11.07.2025,0000100035,100000000000000031,192,2000,20.07.2025,16.07.2025,01,02,Open,1000,10,00,OR,PO53286,JPY,1415616,CIP,NT45,M.SATO
4500000214,22.05.2025,0000100004,100000000000000044,233,4000,28.05.2025,27.05.2025,02,01,Open,1000,10,00,OR,PO29879,JPY,1415242,CIP,NT30,K.TANAKA
4500000071,28.05.2025,0000100009,100000000000000016,18,4000,09.06.2025,07.06.2025,01,01,Open,1000,10,00,OR,PO77065,JPY,133416,EXW,NT60,Y.SUZUKI
4500000251,28.06.2025,0000100005,100000000000000032,317,2000,04.07.2025,03.07.2025,01,01,Open,1000,10,00,OR,PO96537,JPY,1303187,FOB,NT30,Y.SUZUKI
4500000054,14.05.2025,0000100028,100000000000000055,129,1000,20.05.2025,21.05.2025,01,01,Open,1000,10,00,OR,PO43793,JPY,1855665,EXW,NT45,K.TANAKA
4500000210,28.07.2025,0000100030,100000000000000045,58,4000,08.08.2025,05.08.2025,01,01,Open,1000,10,00,OR,PO27423,JPY,293016,EXW,NT30,Y.SUZUKI
4500000152,13.05.2025,0000100032,100000000000000022,165,2000,,18.05.2025,01,01,Open,1000,10,00,OR,PO12751,JPY,1448535,FOB,NT45,K.TANAKA
4500000274,26.05.2025,0000100025,100000000000000019,26,4000,04.06.2025,02.06.2025,02,01,Open,1000,10,00,OR,PO28982,JPY,52910,FOB,NT30,M.SATO
4500000286,20.06.2025,0000100029,100000000000000030,21,1000,29.06.2025,29.06.2025,01,01,Open,1000,10,00,OR,PO82708,JPY,197988,CIP,NT45,K.TANAKA
4500000148,16.06.2025,0000100030,100000000000000017,243,2000,27.06.2025,24.06.2025,01,01,Open,1000,10,00,OR,PO10881,JPY,247860,EXW,NT30,K.TANAKA
4500000009,10.05.2025,0000100011,100000000000000025,204,1000,22.05.2025,16.05.2025,01,02,Open,1000,10,00,OR,PO44571,JPY,1977780,EXW,NT45,M.SATO
4500000185,08.07.2025,0000100001,100000000000000025,357,2000,14.07.2025,13.07.2025,02,01,Open,1000,10,00,OR,PO30811,JPY,3461115,EXW,NT60,M.SATO
4500000108,15.05.2025,0000100029,100000000000000047,168,4000,21.05.2025,19.05.2025,01,01,Open,1000,10,00,OR,PO99128,JPY,676536,CIP,NT45,M.SATO
4500000268,27.05.2025,0000100005,100000000000000002,271,2000,06.06.2025,05.06.2025,01,01,Open,1000,10,00,OR,PO53665,JPY,629804,FOB,NT60,M.SATO
4500000293,11.06.2025,0000100030,100000000000000032,221,4000,18.06.2025,17.06.2025,01,01,Open,1000,10,00,OR,PO62436,JPY,908531,CIP,NT30,Y.SUZUKI
4500000289,13.06.2025,0000100037,100000000000000007,56,4000,25.06.2025,21.06.2025,01,01,Open,1000,10,00,OR,PO48456,JPY,232792,CIP,NT30,R.ITO
4500000073,2025-05-19,0000100020,100000000000000040,262,1000,26.05.2025,24.05.2025,01,01,Open,1000,10,00,OR,PO17857,JPY,3589924,EXW,NT45,R.ITO
4500000049,14.05.2025,0000100028,100000000000000007,71,3000,24.05.2025,23.05.2025,01,01,Open,1000,10,00,OR,PO98225,JPY,295147,EXW,NT45,M.SATO
4500000217,21.07.2025,0000100010,100000000000000045,197,1000,26.07.2025,27.07.2025,01,01,Open,1000,10,00,OR,PO80688,JPY,995244,DAP,NT60,M.SATO
4500000172,27.07.2025,0000100014,100000000000000056,58,4000,07.08.2025,05.08.2025,01,02,Open,1000,10,00,OR,PO39829,JPY,355830,FOB,NT60,M.SATO
4500000202,2025-06-08,0000100018,100000000000000009,377,4000,13.06.2025,15.06.2025,01,01,Open,1000,10,00,OR,PO13662,JPY,4737382,DAP,NT45,M.SATO
4500000164,30.06.2025,0000100038,100000000000000033,260,2000,11.07.2025,10.07.2025,01,01,Open,1000,10,00,OR,PO15392,JPY,2043340,CIP,NT60,R.ITO
4500000112,31.05.2025,0000100019,100000000000000003,120,3000,12.06.2025,08.06.2025,01,01,Open,1000,10,00,OR,PO96805,JPY,109080,EXW,NT45,M.SATO
4500000177,17.06.2025,0000100020,100000000000000032,94,1000,26.06.2025,27.06.2025,01,01,Open,1000,10,00,OR,PO86933,JPY,386434,DAP,NT60,K.TANAKA
4500000036,10.06.2025,0000100038,100000000000000038,81,4000,20.06.2025,18.06.2025,01,01,Open,1000,10,00,OR,PO73795,JPY,49086,EXW,NT60,R.ITO
4500000042,2025-05-24,0000100017,100000000000000059,156,4000,30.05.2025,31.05.2025,02,01,Open,1000,10,00,OR,PO11032,JPY,2140788,DAP,NT60,H.WATANABE
4500000150,27.07.2025,0000100023,100000000000000033,92,3000,03.08.2025,02.08.2025,02,02,Open,1000,10,00,OR,PO36099,JPY,723028,FOB,NT45,M.SATO
4500000113,2025-05-16,0000100016,100000000000000020,235,1000,22.05.2025,23.05.2025,01,02,Open,1000,10,00,OR,PO27527,JPY,959270,DAP,NT60,H.WATANABE
4500000290,15.07.2025,0000100026,100000000000000052,324,2000,21.07.2025,23.07.2025,02,01,Open,1000,10,00,OR,PO56152,JPY,2178576,FOB,NT60,K.TANAKA
4500000069,28.07.2025,0000100029,100000000000000024,232,3000,07.08.2025,04.08.2025,02,01,Open,1000,10,00,OR,PO67952,JPY,216688,EXW,NT60,H.WATANABE
4500000138,23.05.2025,0000100029,100000000000000005,155,1000,29.05.2025,27.05.2025,01,01,Open,1000,10,00,OR,PO23459,JPY,775930,DAP,NT60,K.TANAKA
4500000277,2025-05-15,0000100035,100000000000000038,78,3000,25.05.2025,25.05.2025,01,01,Open,1000,10,00,OR,PO77559,JPY,47268,EXW,NT60,H.WATANABE
4500000110,17.07.2025,0000100008,100000000000000023,239,3000,26.07.2025,25.07.2025,01,02,Open,1000,10,00,OR,PO82938,JPY,2476757,EXW,NT45,M.SATO
4500000228,28.07.2025,0000100019,100000000000000040,238,2000,02.08.2025,01.08.2025,02,01,Open,1000,10,00,OR,PO64502,JPY,3261076,CIP,NT60,Y.SUZUKI
4500000184,08.07.2025,0000100027,100000000000000024,362,1000,20.07.2025,18.07.2025,01,01,Open,1000,10,00,OR,PO60986,JPY,338108,FOB,NT30,M.SATO
4500000256,05.07.2025,0000100039,100000000000000052,37,2000,16.07.2025,11.07.2025,02,01,Open,1000,10,00,OR,PO41897,JPY,248788,FOB,NT30,K.TANAKA
4500000102,2025-06-06,0000100007,100000000000000009,100,1000,17.06.2025,10.06.2025,01,01,On Hold,1000,10,00,OR,PO70925,JPY,1256600,CIP,NT30,H.WATANABE
4500000121,2025-07-11,0000100012,100000000000000049,399,4000,16.07.2025,17.07.2025,01,01,Open,1000,10,00,OR,PO46352,JPY,2399586,CIP,NT30,R.ITO
4500000231,03.05.2025,0000100008,100000000000000044,179,3000,08.05.2025,13.05.2025,01,01,Open,1000,10,00,OR,PO17563,JPY,1087246,CIP,NT45,M.SATO
4500000145,19.07.2025,0000100006,100000000000000013,113,4000,31.07.2025,29.07.2025,02,01,Open,1000,10,00,OR,PO53403,JPY,1066155,EXW,NT60,Y.SUZUKI
4500000168,28.05.2025,0000100040,100000000000000056,120,4000,07.06.2025,07.06.2025,02,01,Open,1000,10,00,OR,PO53746,JPY,736200,FOB,NT60,Y.SUZUKI
4500000181,26.07.2025,0000100015,100000000000000027,373,3000,07.08.2025,31.07.2025,01,01,Open,1000,10,00,OR,PO13517,JPY,4562163,FOB,NT30,K.TANAKA
4500000191,28.07.2025,0000100022,100000000000000005,248,2000,06.08.2025,02.08.2025,01,01,Open,1000,10,00,OR,PO92324,JPY,1241488,EXW,NT60,K.TANAKA
4500000032,28.06.2025,0000100006,100000000000000039,226,1000,03.07.2025,02.07.2025,02,01,Open,1000,10,00,OR,PO49013,JPY,2922632,EXW,NT60,H.WATANABE
4500000106,10.07.2025,0000100033,100000000000000060,283,4000,16.07.2025,14.07.2025,01,03,Open,1000,10,00,OR,PO82764,JPY,342713,CIP,NT30,K.TANAKA
4500000275,06.05.2025,0000100008,100000000000000049,257 ,3000,16.05.2025,14.05.2025,03,01,Open,1000,10,00,OR,PO85455,JPY,1545598,DAP,NT60,M.SATO
4500000195,22.06.2025,0000100007,100000000000000045,35,2000,28.06.2025,29.06.2025,01,01,Open,1000,10,00,OR,PO11407,JPY,176820,EXW,NT30,M.SATO
4500000243,2025-06-30,0000100033,100000000000000028,201,4000,05.07.2025,08.07.2025,01,01,Open,1000,10,00,OR,PO21233,JPY,2240547,CIP,NT30,Y.SUZUKI
4500000022,22.06.2025,0000100038,100000000000000037,47,1000,04.07.2025,27.06.2025,01,01,Open,1000,10,00,OR,PO62742,JPY,692874,EXW,NT60,M.SATO
4500000051,2025-07-09,0000100014,100000000000000025,237,4000,19.07.2025,19.07.2025,01,01,Open,1000,10,00,OR,PO64523,JPY,2297715,CIP,NT45,M.SATO
4500000126,11.07.2025,0000100016,100000000000000010,214,1000,16.07.2025,17.07.2025,01,01,On Hold,1000,10,00,OR,PO77933,JPY,466306,CIP,NT45,Y.SUZUKI
4500000111,13.07.2025,0000100011,100000000000000032,76,3000,18.07.2025,23.07.2025,01,02,Open,1000,10,00,OR,PO99404,JPY,312436,EXW,NT60,Y.SUZUKI
4500000026,03.06.2025,0000100030,100000000000000037,177,4000,10.06.2025,10.06.2025,01,02,Open,1000,10,00,OR,PO98662,JPY,2609334,FOB,NT60,M.SATO
4500000003,22.06.2025,0000100030,100000000000000010,76,3000,01.07.2025,01.07.2025,01,01,Open,1000,10,00,OR,PO22488,JPY,165604,DAP,NT30,Y.SUZUKI
4500000183,21.06.2025,0000100009,100000000000000007,108 ,1000,02.07.2025,01.07.2025,01,02,Open,1000,10,00,OR,PO63852,JPY,448956,CIP,NT30,K.TANAKA
4500000103,29.07.2025,0000100025,100000000000000011,142,2000,,03.08.2025,01,01,Open,1000,10,00,OR,PO12440,JPY,1645354,EXW,NT60,R.ITO
4500000273,28.06.2025,0000100019,100000000000000011,378,4000,04.07.2025,03.07.2025,02,01,Open,1000,10,00,OR,PO17094,JPY,4379886,EXW,NT45,M.SATO
4500000090,01.06.2025,0000100016,100000000000000030,84,3000,07.06.2025,05.06.2025,01,03,Open,1000,10,00,OR,PO61825,JPY,791952,EXW,NT60,K.TANAKA
4500000188,18.07.2025,0000100033,100000000000000034,319,2000,26.07.2025,27.07.2025,01,01,On Hold,1000,10,00,OR,PO69809,JPY,3239126,EXW,NT60,Y.SUZUKI
4500000297,24.07.2025,0000100027,100000000000000051,145,1000,05.08.2025,31.07.2025,02,02,Open,1000,10,00,OR,PO18645,JPY,292755,EXW,NT60,K.TANAKA
4500000224,09.06.2025,0000100040,100000000000000059,358,1000,21.06.2025,13.06.2025,01,01,Open,1000,10,00,OR,PO73176,JPY,4912834,DAP,NT45,H.WATANABE
4500000260,04.07.2025,0000100033,100000000000000008,125,1000,14.07.2025,11.07.2025,02,01,Open,1000,10,00,OR,PO60023,JPY,348250,CIP,NT30,M.SATO
4500000272,07.07.2025,0000100026,100000000000000013,167,4000,12.07.2025,16.07.2025,01,01,Open,1000,10,00,OR,PO81828,JPY,1575645,CIP,NT30,M.SATO
4500000273,28.06.2025,0000100019,100000000000000011,378,4000,04.07.2025,03.07.2025,02,01,Open,1000,10,00,OR,PO17094,JPY,4379886,EXW,NT45,M.SATO
4500000158,2025-05-04,0000100009,100000000000000043,173,2000,13.05.2025,13.05.2025,01,01,Open,1000,10,00,OR,PO71691,JPY,1284352,DAP,NT30,R.ITO
4500000002,27.07.2025,0000100018,100000000000000045,316,1000,04.08.2025,01.08.2025,01,01,Open,1000,10,00,OR,PO62108,JPY,1596432,FOB,NT60,H.WATANABE
4500000092,13.07.2025,0000100032,100000000000000004,334,3000,23.07.2025,22.07.2025,01,02,Open,1000,10,00,OR,PO83537,JPY,4224766,DAP,NT60,R.ITO
4500000015,2025-06-23,0000100022,100000000000000018,400,1000,04.07.2025,02.07.2025,01,01,Open,1000,10,00,OR,PO84814,JPY,395200,FOB,NT45,K.TANAKA
4500000125,15.07.2025,0000100024,100000000000000008,96 ,1000,20.07.2025,22.07.2025,01,01,Open,1000,10,00,OR,PO98224,JPY,267456,DAP,NT45,H.WATANABE
4500000159,23.05.2025,0000100007,100000000000000027,296,4000,03.06.2025,02.06.2025,01,01,Open,1000,10,00,OR,PO59055,JPY,3620376,CIP,NT60,H.WATANABE
4500000119,20.07.2025,0000100011,100000000000000029,374,3000,31.07.2025,28.07.2025,01,01,Open,1000,10,00,OR,PO38986,JPY,4484260,FOB,NT45,Y.SUZUKI
4500000010,26.05.2025,0000100005,100000000000000039,350,1000,03.06.2025,03.06.2025,02,01,Open,1000,10,00,OR,PO29826,JPY,4526200,CIP,NT30,M.SATO
4500000299,08.06.2025,0000100013,100000000000000006,193,4000,16.06.2025,12.06.2025,01,02,Open,1000,10,00,OR,PO23762,JPY,870816,DAP,NT30,R.ITO
4500000165,15.06.2025,0000100019,100000000000000029,75,2000,24.06.2025,25.06.2025,01,01,Open,1000,10,00,OR,PO58170,JPY,899250,CIP,NT45,Y.SUZUKI
4500000079,18.07.2025,0000100031,100000000000000017,374,2000,29.07.2025,23.07.2025,01,01,Open,1000,10,00,OR,PO58404,JPY,381480,CIP,NT60,R.ITO
4500000056,28.06.2025,0000100020,100000000000000051,307,3000,07.07.2025,05.07.2025,01,01,Open,1000,10,00,OR,PO24539,JPY,619833,DAP,NT60,R.ITO
4500000101,01.06.2025,0000100023,100000000000000036,226,4000,12.06.2025,05.06.2025,01,01,Open,1000,10,00,OR,PO40997,JPY,3109986,CIP,NT60,R.ITO
4500000146,30.06.2025,0000100004,100000000000000059,365,3000,12.07.2025,08.07.2025,01,01,Open,1000,10,00,OR,PO15530,JPY,5008895,CIP,NT30,K.TANAKA
4500000162,07.07.2025,0000100036,100000000000000014,179,4000,15.07.2025,17.07.2025,01,01,Open,1000,10,00,OR,PO38651,JPY,344396,EXW,NT45,H.WATANABE
4500000189,16.06.2025,0000100018,100000000000000015,237,2000,25.06.2025,21.06.2025,03,01,Open,1000,10,00,OR,PO64401,JPY,2411238,FOB,NT30,R.ITO
4500000001,30.06.2025,0000100035,100000000000000008,45,4000,10.07.2025,08.07.2025,01,02,Open,1000,10,00,OR,PO42547,JPY,125370,EXW,NT60,H.WATANABE
4500000055,21.05.2025,0000100017,100000000000000013,313,2000,27.05.2025,26.05.2025,01,02,Open,1000,10,00,OR,PO77552,JPY,2953155,DAP,NT60,K.TANAKA
4500000068,17.06.2025,0000100040,100000000000000028,332,3000,23.06.2025,26.06.2025,03,03,Open,1000,10,00,OR,PO62944,JPY,3700804,CIP,NT60,M.SATO
4500000076,06.07.2025,0000100030,100000000000000016,303,2000,18.07.2025,14.07.2025,01,01,Open,1000,10,00,OR,PO98137,JPY,2245836,FOB,NT60,H.WATANABE
4500000124,04.06.2025,0000100007,100000000000000058,121,1000,09.06.2025,09.06.2025,02,01,Cancelled,1000,10,00,OR,PO98832,JPY,584793,EXW,NT60,R.ITO
4500000077,12.07.2025,0000100019,100000000000000005,263,4000,18.07.2025,17.07.2025,01,01,Open,1000,10,00,OR,PO86332,JPY,1316578,FOB,NT45,H.WATANABE
4500000075,12.06.2025,0000100016,100000000000000030,141,1000,17.06.2025,18.06.2025,01,01,Open,1000,10,00,OR,PO86230,JPY,1329348,FOB,NT45,Y.SUZUKI
4500000031,2025-07-31,0000100030,100000000000000005,140,2000,08.08.2025,07.08.2025,02,01,Open,1000,10,00,OR,PO96714,JPY,700840,CIP,NT30,M.SATO
4500000197,19.07.2025,0000100026,100000000000000018,190,4000,31.07.2025,26.07.2025,02,01,Open,1000,10,00,OR,PO46587,JPY,187720,FOB,NT30,K.TANAKA
4500000139,23.05.2025,0000100004,100000000000000007,110,3000,01.06.2025,01.06.2025,03,01,Open,1000,10,00,OR,PO26512,JPY,457270,EXW,NT45,H.WATANABE
4500000213,07.05.2025,0000100037,100000000000000025,33,1000,18.05.2025,14.05.2025,03,01,Open,1000,10,00,OR,PO66164,JPY,319935,FOB,NT60,K.TANAKA
4500000265,10.05.2025,0000100033,100000000000000059,31,3000,15.05.2025,16.05.2025,01,01,Open,1000,10,00,OR,PO38692,JPY,425413,CIP,NT60,H.WATANABE
4500000174,02.07.2025,0000100011,100000000000000035,74,2000,11.07.2025,11.07.2025,02,02,Open,1000,10,00,OR,PO64747,JPY,374218,FOB,NT45,H.WATANABE
4500000087,12.05.2025,0000100037,100000000000000008,285,1000,19.05.2025,17.05.2025,02,01,Open,1000,10,00,OR,PO85112,JPY,794010,EXW,NT60,H.WATANABE
4500000029,26.05.2025,0000100004,100000000000000017,63,4000,01.06.2025,03.06.2025,02,01,Open,1000,10,00,OR,PO15910,JPY,64260,DAP,NT60,H.WATANABE
4500000096,30.06.2025,0000100011,100000000000000047,91,3000,07.07.2025,08.07.2025,01,01,Open,1000,10,00,OR,PO13049,JPY,366457,EXW,NT45,M.SATO
4500000237,14.07.2025,0000100009,100000000000000006,54,4000,26.07.2025,21.07.2025,01,01,Open,1000,10,00,OR,PO24322,JPY,243648,EXW,NT30,Y.SUZUKI
4500000288,03.06.2025,0000100016,100000000000000042,308,3000,12.06.2025,07.06.2025,01,01,Open,1000,10,00,OR,PO81359,JPY,3676904,FOB,NT45,K.TANAKA
4500000127,31.07.2025,0000100024,100000000000000030,302,1000,11.08.2025,04.08.2025,01,01,Open,1000,10,00,OR,PO16155,JPY,2847256,EXW,NT45,R.ITO
4500000109,2025-06-22,0000100002,100000000000000048,235,2000,30.06.2025,27.06.2025,01,01,Open,1000,10,00,OR,PO80004,JPY,3057115,DAP,NT45,K.TANAKA
4500000014,02.06.2025,0000100011,100000000000000052,216,2000,12.06.2025,12.06.2025,01,01,Open,1000,10,00,OR,PO76681,JPY,1452384,EXW,NT60,R.ITO
4500000091,10.05.2025,0000100009,100000000000000033,124,3000,20.05.2025,18.05.2025,02,01,Open,1000,10,00,OR,PO94661,JPY,974516,DAP,NT30,K.TANAKA
4500000132,03.07.2025,0000100035,100000000000000051,181,4000,14.07.2025,09.07.2025,02,01,Open,1000,10,00,OR,PO78114,JPY,365439,FOB,NT30,R.ITO
4500000035,2025-05-18,0000100010,100000000000000032,265,3000,,25.05.2025,02,01,Open,1000,10,00,OR,PO95957,JPY,1089415,CIP,NT45,H.WATANABE
4500000294,18.06.2025,0000100006,100000000000000026,125,2000,24.06.2025,26.06.2025,01,01,Open,1000,10,00,OR,PO36707,JPY,469625,DAP,NT60,Y.SUZUKI
4500000292,08.07.2025,0000100013,100000000000000024,80,4000,17.07.2025,18.07.2025,01,01,Open,1000,10,00,OR,PO26841,JPY,74720,CIP,NT30,R.ITO
4500000020,22.07.2025,0000100016,100000000000000018,44,4000,01.08.2025,28.07.2025,02,01,Open,1000,10,00,OR,PO47087,JPY,43472,EXW,NT30,K.TANAKA
4500000281,15.05.2025,0000100014,100000000000000059,192,4000,21.05.2025,20.05.2025,01,01,Open,1000,10,00,OR,PO97659,JPY,2634816,FOB,NT30,R.ITO
4500000058,11.05.2025,0000100022,100000000000000007,150,4000,18.05.2025,17.05.2025,01,02,Open,1000,10,00,OR,PO48289,JPY,623550,CIP,NT60,H.WATANABE
4500000232,08.07.2025,0000100020,100000000000000037,289,3000,18.07.2025,18.07.2025,01,01,Open,1000,10,00,OR,PO92700,JPY,4260438,DAP,NT60,M.SATO
4500000135,26.07.2025,0000100026,100000000000000038,177,1000,02.08.2025,04.08.2025,01,01,Open,1000,10,00,OR,PO23346,JPY,107262,DAP,NT60,K.TANAKA
4500000196,08.06.2025,0000100023,100000000000000021,382,4000,17.06.2025,15.06.2025,01,01,Open,1000,10,00,OR,PO18943,JPY,1646802,DAP,NT60,M.SATO
4500000200,10.07.2025,0000100001,100000000000000045,391,4000,21.07.2025,20.07.2025,01,01,Open,1000,10,00,OR,PO78534,JPY,1975332,DAP,NT45,Y.SUZUKI
4500000173,29.06.2025,0000100026,100000000000000028,13,3000,04.07.2025,08.07.2025,01,01,Open,1000,10,00,OR,PO71438,JPY,144911,CIP,NT45,K.TANAKA
4500000270,27.07.2025,0000100021,100000000000000023,195,2000,05.08.2025,31.07.2025,01,03,Open,1000,10,00,OR,PO30865,JPY,2020785,DAP,NT60,H.WATANABE
4500000115,22.07.2025,0000100027,100000000000000025,43,4000,28.07.2025,29.07.2025,01,02,Open,1000,10,00,OR,PO80601,JPY,416885,DAP,NT60,H.WATANABE
4500000241,14.05.2025,0000100038,100000000000000001,70,4000,19.05.2025,18.05.2025,02,01,Open,1000,10,00,OR,PO37862,JPY,768320,FOB,NT30,K.TANAKA
4500000011,2025-05-12,0000100001,100000000000000030,42,1000,19.05.2025,18.05.2025,01,01,Open,1000,10,00,OR,PO44108,JPY,395976,FOB,NT60,H.WATANABE
4500000156,08.06.2025,0000100008,100000000000000051,259,1000,17.06.2025,18.06.2025,01,01,Open,1000,10,00,OR,PO16054,JPY,522921,FOB,NT60,Y.SUZUKI
4500000176,15.05.2025,0000100019,100000000000000040,104,1000,24.05.2025,24.05.2025,01,01,Open,1000,10,00,OR,PO39555,JPY,1425008,CIP,NT45,H.WATANABE
4500000136,2025-05-19,0000100012,100000000000000047,364,1000,24.05.2025,24.05.2025,03,01,Open,1000,10,00,OR,PO63884,JPY,1465828,FOB,NT60,R.ITO
4500000242,27.05.2025,0000100036,100000000000000025,218,3000,03.06.2025,01.06.2025,01,03,On Hold,1000,10,00,OR,PO63581,JPY,2113510,CIP,NT60,R.ITO
4500000226,09.05.2025,0000100027,100000000000000020,378,3000,16.05.2025,13.05.2025,02,01,Open,1000,10,00,OR,PO59171,JPY,1542996,CIP,NT30,Y.SUZUKI
4500000211,2025-06-20,0000100036,100000000000000060,189,3000,01.07.2025,24.06.2025,03,01,Open,1000,10,00,OR,PO12313,JPY,228879,CIP,NT45,R.ITO
4500000236,11.07.2025,0000100029,100000000000000004,19,2000,17.07.2025,18.07.2025,01,01,Open,1000,10,00,OR,PO60172,JPY,240331,EXW,NT60,H.WATANABE
4500000244,01.07.2025,0000100034,100000000000000006,130,1000,07.07.2025,10.07.2025,01,01,Open,1000,10,00,OR,PO73595,JPY,586560,DAP,NT30,K.TANAKA
4500000170,14.05.2025,0000100023,100000000000000015,344,2000,22.05.2025,24.05.2025,01,01,Open,1000,10,00,OR,PO81188,JPY,3499856,EXW,NT30,Y.SUZUKI
4500000296,26.07.2025,0000100004,100000000000000045,134,2000,05.08.2025,05.08.2025,01,01,Open,1000,10,00,OR,PO89116,JPY,676968,FOB,NT30,Y.SUZUKI
4500000063,31.07.2025,0000100009,100000000000000049,234,4000,05.08.2025,06.08.2025,01,02,Open,1000,10,00,OR,PO77653,JPY,1407276,EXW,NT30,H.WATANABE
4500000089,19.06.2025,0000100025,100000000000000029,197,4000,26.06.2025,28.06.2025,01,03,Open,1000,10,00,OR,PO29527,JPY,2362030,EXW,NT30,R.ITO
4500000192,20.07.2025,0000100001,100000000000000049,251,1000,29.07.2025,27.07.2025,01,01,Open,1000,10,00,OR,PO74682,JPY,1509514,CIP,NT60,K.TANAKA
4500000298,22.07.2025,0000100029,100000000000000051,6,2000,01.08.2025,30.07.2025,01,01,Open,1000,10,00,OR,PO39591,JPY,12114,EXW,NT30,K.TANAKA
4500000180,20.06.2025,0000100025,100000000000000024,269,1000,28.06.2025,28.06.2025,01,03,Open,1000,10,00,OR,PO32468,JPY,251246,DAP,NT60,R.ITO
4500000266,06.06.2025,0000100033,100000000000000044,146,4000,18.06.2025,13.06.2025,01,01,Open,1000,10,00,OR,PO14501,JPY,886804,EXW,NT45,R.ITO
4500000004,09.07.2025,0000100017,100000000000000036,353,1000,18.07.2025,19.07.2025,02,01,Open,1000,10,00,OR,PO89478,JPY,4857633,DAP,NT30,Y.SUZUKI
4500000098,17.06.2025,0000100018,100000000000000051,45,4000,25.06.2025,26.06.2025,01,01,Open,1000,10,00,OR,PO21747,JPY,90855,FOB,NT45,H.WATANABE
4500000008,15.06.2025,0000100007,100000000000000016,102,2000,22.06.2025,21.06.2025,01,01,Open,1000,10,00,OR,PO46831,JPY,756024,EXW,NT45,Y.SUZUKI
4500000208,07.05.2025,0000100013,100000000000000007,103,4000,18.05.2025,16.05.2025,01,01,Open,1000,10,00,OR,PO75480,JPY,428171,DAP,NT60,R.ITO
4500000064,18.07.2025,0000100035,100000000000000002,372 ,2000,28.07.2025,23.07.2025,01,01,Open,1000,10,00,OR,PO19120,JPY,864528,DAP,NT45,Y.SUZUKI
4500000255,28.07.2025,0000100035,100000000000000010,41,2000,02.08.2025,04.08.2025,01,01,Open,1000,10,00,OR,PO81925,JPY,89339,CIP,NT30,H.WATANABE
4500000246,19.07.2025,0000100012,100000000000000059,342,2000,28.07.2025,29.07.2025,01,02,Open,1000,10,00,OR,PO44843,JPY,4693266,CIP,NT45,Y.SUZUKI
4500000070,2025-05-28,0000100008,100000000000000009,236,1000,03.06.2025,07.06.2025,01,01,Open,1000,10,00,OR,PO80442,JPY,2965576,EXW,NT45,M.SATO
4500000261,2025-07-20,0000100030,100000000000000012,196,4000,30.07.2025,26.07.2025,01,01,Open,1000,10,00,OR,PO54595,JPY,2476460,FOB,NT60,K.TANAKA
4500000218,25.07.2025,0000100025,100000000000000015,265,4000,04.08.2025,01.08.2025,03,01,Open,1000,10,00,OR,PO60002,JPY,2696110,EXW,NT30,H.WATANABE
4500000006,12.07.2025,0000100011,100000000000000017,113,4000,20.07.2025,21.07.2025,03,02,Open,1000,10,00,OR,PO74597,JPY,115260,EXW,NT45,M.SATO
4500000253,14.06.2025,0000100020,100000000000000026,328,1000,24.06.2025,22.06.2025,03,01,Open,1000,10,00,OR,PO55656,JPY,1232296,CIP,NT45,K.TANAKA
4500000287,05.06.2025,0000100032,100000000000000038,320,4000,14.06.2025,11.06.2025,01,02,Open,1000,10,00,OR,PO21510,JPY,193920,EXW,NT30,K.TANAKA
4500000044,19.06.2025,0000100035,100000000000000027,217,2000,30.06.2025,25.06.2025,01,02,Cancelled,1000,10,00,OR,PO98954,JPY,2654127,CIP,NT30,K.TANAKA
4500000030,10.06.2025,0000100038,100000000000000028,296,3000,16.06.2025,20.06.2025,01,01,Open,1000,10,00,OR,PO43211,JPY,3299512,EXW,NT45,R.ITO
4500000085,27.07.2025,0000100007,100000000000000012,249,2000,05.08.2025,03.08.2025,01,01,Open,1000,10,00,OR,PO28630,JPY,3146115,CIP,NT30,Y.SUZUKI
4500000048,30.06.2025,0000100033,100000000000000039,55,4000,08.07.2025,07.07.2025,02,01,Open,1000,10,00,OR,PO88918,JPY,711260,CIP,NT30,Y.SUZUKI
4500000123,23.05.2025,0000100032,100000000000000023,90,3000,01.06.2025,01.06.2025,01,01,Open,1000,10,00,OR,PO84698,JPY,932670,FOB,NT60,Y.SUZUKI
4500000040,23.07.2025,0000100028,100000000000000045,238,3000,03.08.2025,02.08.2025,02,01,Open,1000,10,00,OR,PO25264,JPY,1202376,FOB,NT30,H.WATANABE
4500000041,08.06.2025,0000100015,100000000000000039,117,3000,15.06.2025,17.06.2025,01,01,Open,1000,10,00,OR,PO86706,JPY,1513044,FOB,NT30,Y.SUZUKI
4500000047,20.07.2025,0000100003,100000000000000047,239,3000,,30.07.2025,01,01,Open,1000,10,00,OR,PO55068,JPY,962453,CIP,NT30,R.ITO
4500000161,07.06.2025,0000100004,100000000000000033,286,2000,15.06.2025,11.06.2025,01,01,Open,1000,10,00,OR,PO95162,JPY,2247674,DAP,NT30,M.SATO
4500000209,19.06.2025,0000100004,100000000000000053,275,3000,28.06.2025,23.06.2025,01,01,Open,1000,10,00,OR,PO43022,JPY,573100,DAP,NT60,Y.SUZUKI
4500000282,13.05.2025,0000100021,100000000000000032,202,1000,22.05.2025,22.05.2025,01,01,Open,1000,10,00,OR,PO22393,JPY,830422,FOB,NT45,H.WATANABE
4500000045,30.06.2025,0000100006,100000000000000043,333,2000,05.07.2025,10.07.2025,01,03,Open,1000,10,00,OR,PO18324,JPY,2472192,EXW,NT60,H.WATANABE
4500000157,2025-05-17,0000100037,100000000000000043,81,4000,23.05.2025,26.05.2025,03,02,Open,1000,10,00,OR,PO46709,JPY,601344,FOB,NT60,R.ITO
4500000118,2025-05-04,0000100001,100000000000000045,66,3000,11.05.2025,11.05.2025,03,01,Open,1000,10,00,OR,PO46848,JPY,333432,EXW,NT30,K.TANAKA
4500000267,13.05.2025,0000100026,100000000000000058,152,2000,20.05.2025,19.05.2025,03,01,Open,1000,10,00,OR,PO85231,JPY,734616,CIP,NT60,M.SATO
4500000220,11.06.2025,0000100039,100000000000000022,282,4000,19.06.2025,21.06.2025,01,01,Open,1000,10,00,OR,PO81938,JPY,2475678,FOB,NT30,R.ITO
4500000142,18.05.2025,0000100029,100000000000000012,113,2000,29.05.2025,22.05.2025,02,01,Open,1000,10,00,OR,PO54944,JPY,1427755,EXW,NT45,K.TANAKA
4500000147,21.06.2025,0000100004,100000000000000011,118,2000,30.06.2025,30.06.2025,01,01,Open,1000,10,00,OR,PO37936,JPY,1367266,FOB,NT45,Y.SUZUKI
4500000258,25.05.2025,0000100040,100000000000000045,310,1000,31.05.2025,03.06.2025,01,01,Open,1000,10,00,OR,PO97897,JPY,1566120,DAP,NT60,M.SATO
4500000240,29.07.2025,0000100039,100000000000000050,172,4000,04.08.2025,03.08.2025,01,01,Open,1000,10,00,OR,PO27607,JPY,373928,FOB,NT45,M.SATO
4500000182,26.07.2025,0000100019,100000000000000006,234,2000,07.08.2025,31.07.2025,01,01,Open,1000,10,00,OR,PO48155,JPY,1055808,DAP,NT45,K.TANAKA
4500000225,30.07.2025,0000100011,100000000000000046,51,1000,09.08.2025,03.08.2025,01,01,Open,1000,10,00,OR,PO88011,JPY,155397,FOB,NT60,M.SATO
4500000094,04.05.2025,0000100014,100000000000000060,384,2000,16.05.2025,09.05.2025,01,03,Open,1000,10,00,OR,PO33559,JPY,465024,DAP,NT45,M.SATO
4500000235,27.05.2025,0000100019,100000000000000018,400,3000,03.06.2025,01.06.2025,01,01,Open,1000,10,00,OR,PO65436,JPY,395200,FOB,NT45,Y.SUZUKI
4500000215,04.07.2025,0000100026,100000000000000042,292,2000,12.07.2025,09.07.2025,01,01,Open,1000,10,00,OR,PO68160,JPY,3485896,EXW,NT30,Y.SUZUKI
4500000128,20.05.2025,0000100038,100000000000000007,59 ,2000,31.05.2025,24.05.2025,01,01,Open,1000,10,00,OR,PO20722,JPY,245263,DAP,NT60,M.SATO
4500000190,03.06.2025,0000100022,100000000000000050,353,4000,08.06.2025,10.06.2025,01,01,Open,1000,10,00,OR,PO34044,JPY,767422,DAP,NT45,K.TANAKA
4500000028,03.07.2025,0000100018,100000000000000047,56,3000,13.07.2025,08.07.2025,02,01,Open,1000,10,00,OR,PO26749,JPY,225512,EXW,NT30,R.ITO
4500000137,29.06.2025,0000100001,100000000000000017,132,2000,,08.07.2025,01,01,On Hold,1000,10,00,OR,PO91292,JPY,134640,DAP,NT45,K.TANAKA
4500000291,2025-06-04,0000100040,100000000000000033,348,4000,09.06.2025,13.06.2025,02,01,Open,1000,10,00,OR,PO28568,JPY,2734932,EXW,NT30,M.SATO
4500000194,15.07.2025,0000100015,100000000000000053,374,1000,26.07.2025,25.07.2025,01,01,Open,1000,10,00,OR,PO19593,JPY,779416,CIP,NT45,Y.SUZUKI
4500000074,24.07.2025,0000100020,100000000000000031,355,2000,29.07.2025,29.07.2025,01,01,Open,1000,10,00,OR,PO26351,JPY,2617415,CIP,NT45,R.ITO
4500000065,04.06.2025,0000100002,100000000000000023,181,1000,10.06.2025,14.06.2025,01,01,Open,1000,10,00,OR,PO61546,JPY,1875703,DAP,NT60,M.SATO
4500000080,08.07.2025,0000100014,100000000000000036,344,3000,15.07.2025,15.07.2025,01,01,Open,1000,10,00,OR,PO75382,JPY,4733784,CIP,NT45,H.WATANABE
4500000263,08.05.2025,0000100031,100000000000000047,222,1000,14.05.2025,15.05.2025,01,01,Open,1000,10,00,OR,PO65535,JPY,893994,EXW,NT45,M.SATO
4500000005,22.05.2025,0000100024,100000000000000049,281,2000,27.05.2025,30.05.2025,03,02,Open,1000,10,00,OR,PO97983,JPY,1689934,EXW,NT30,R.ITO
4500000133,31.05.2025,0000100037,100000000000000055,186,4000,07.06.2025,05.06.2025,03,03,Open,1000,10,00,OR,PO85882,JPY,2675610,DAP,NT30,K.TANAKA
4500000066,07.05.2025,0000100019,100000000000000013,107,1000,16.05.2025,15.05.2025,02,01,Open,1000,10,00,OR,PO96554,JPY,1009545,EXW,NT45,H.WATANABE
4500000139,23.05.2025,0000100004,100000000000000007,110,3000,01.06.2025,01.06.2025,03,01,Open,1000,10,00,OR,PO26512,JPY,457270,EXW,NT45,H.WATANABE
4500000245,30.07.2025,0000100039,100000000000000048,377,3000,11.08.2025,07.08.2025,02,01,Open,1000,10,00,OR,PO15486,JPY,4904393,DAP,NT30,R.ITO
4500000207,03.05.2025,0000100033,100000000000000025,14,2000,11.05.2025,09.05.2025,01,01,Open,1000,10,00,OR,PO91777,JPY,135730,EXW,NT30,K.TANAKA
4500000051,2025-07-09,0000100014,100000000000000025,237,4000,19.07.2025,19.07.2025,01,01,Open,1000,10,00,OR,PO64523,JPY,2297715,CIP,NT45,M.SATO
4500000283,28.07.2025,0000100007,100000000000000026,272,4000,04.08.2025,04.08.2025,01,01,Open,1000,10,00,OR,PO26414,JPY,1021904,DAP,NT45,K.TANAKA
